-- phpMyAdmin SQL Dump
-- version 3.2.4
-- http://www.phpmyadmin.net
--
-- Host: localhost
-- Generation Time: Jun 11, 2018 at 05:15 PM
-- Server version: 5.1.41
-- PHP Version: 5.3.1

SET SQL_MODE="NO_AUTO_VALUE_ON_ZERO";


/*!40101 SET @OLD_CHARACTER_SET_CLIENT=@@CHARACTER_SET_CLIENT */;
/*!40101 SET @OLD_CHARACTER_SET_RESULTS=@@CHARACTER_SET_RESULTS */;
/*!40101 SET @OLD_COLLATION_CONNECTION=@@COLLATION_CONNECTION */;
/*!40101 SET NAMES utf8 */;

--
-- Database: `library`
--

-- --------------------------------------------------------

--
-- Table structure for table `admin`
--

CREATE TABLE IF NOT EXISTS `admin` (
  `id` int(11) NOT NULL AUTO_INCREMENT,
  `FullName` varchar(100) DEFAULT NULL,
  `AdminEmail` varchar(120) DEFAULT NULL,
  `UserName` varchar(100) NOT NULL,
  `Password` varchar(100) NOT NULL,
  `updationDate` timestamp NOT NULL DEFAULT '0000-00-00 00:00:00' ON UPDATE CURRENT_TIMESTAMP,
  PRIMARY KEY (`id`)
) ENGINE=InnoDB  DEFAULT CHARSET=latin1 AUTO_INCREMENT=2 ;

--
-- Dumping data for table `admin`
--

INSERT INTO `admin` (`id`, `FullName`, `AdminEmail`, `UserName`, `Password`, `updationDate`) VALUES
(1, 'Foram Aghara', 'foram@gmail.com', 'foram', 'foram', '2018-03-19 17:36:27');

-- --------------------------------------------------------

--
-- Table structure for table `tblbooks`
--

CREATE TABLE IF NOT EXISTS `tblbooks` (
  `id` int(11) NOT NULL AUTO_INCREMENT,
  `BookName` varchar(255) DEFAULT NULL,
  `CatId` int(11) DEFAULT NULL,
  `AuthorId` int(11) DEFAULT NULL,
  `ISBNNumber` int(11) DEFAULT NULL,
  `BookPrice` int(11) DEFAULT NULL,
  `RegDate` timestamp NULL DEFAULT NULL,
  `UpdationDate` timestamp NULL DEFAULT NULL ON UPDATE CURRENT_TIMESTAMP,
  PRIMARY KEY (`id`)
) ENGINE=MyISAM  DEFAULT CHARSET=latin1 AUTO_INCREMENT=4 ;

--
-- Dumping data for table `tblbooks`
--

INSERT INTO `tblbooks` (`id`, `BookName`, `CatId`, `AuthorId`, `ISBNNumber`, `BookPrice`, `RegDate`, `UpdationDate`) VALUES
(1, 'PHP And MySql programming', 5, 1, 222333, 20, '2017-07-08 20:04:55', '2017-07-15 05:54:41'),
(3, 'physics', 6, 4, 1111, 15, '2017-07-08 20:17:31', '2017-07-15 06:13:17');

-- --------------------------------------------------------

--
-- Table structure for table `tblcategory`
--

CREATE TABLE IF NOT EXISTS `tblcategory` (
  `id` int(11) NOT NULL,
  `CategoryName` varchar(150) DEFAULT NULL,
  `Status` int(1) DEFAULT NULL,
  `CreationDate` timestamp NULL DEFAULT NULL,
  `UpdationDate` timestamp NOT NULL DEFAULT '0000-00-00 00:00:00' ON UPDATE CURRENT_TIMESTAMP,
  PRIMARY KEY (`id`)
) ENGINE=InnoDB DEFAULT CHARSET=latin1;

--
-- Dumping data for table `tblcategory`
--

INSERT INTO `tblcategory` (`id`, `CategoryName`, `Status`, `CreationDate`, `UpdationDate`) VALUES
(1, 'computer engineering', 1, '2018-04-10 22:13:55', '2018-04-10 22:13:55'),
(2, 'Information Technology', 1, '2018-04-10 22:14:22', '2018-04-10 22:14:22'),
(3, 'Mechanical engineering ', 1, '2018-04-10 22:14:56', '2018-04-10 22:14:56'),
(4, 'Civil engineering', 0, '2018-04-10 22:15:26', '2018-04-10 22:15:26');

-- --------------------------------------------------------

--
-- Table structure for table `tblissuedbookdetails`
--

CREATE TABLE IF NOT EXISTS `tblissuedbookdetails` (
  `id` int(11) NOT NULL,
  `BookId` int(11) DEFAULT NULL,
  `StudentID` varchar(150) DEFAULT NULL,
  `IssuesDate` timestamp NULL DEFAULT NULL,
  `ReturnDate` timestamp NULL DEFAULT NULL ON UPDATE CURRENT_TIMESTAMP,
  `RetrunStatus` int(1) NOT NULL,
  `fine` int(11) DEFAULT NULL
) ENGINE=InnoDB DEFAULT CHARSET=latin1;

--
-- Dumping data for table `tblissuedbookdetails`
--

INSERT INTO `tblissuedbookdetails` (`id`, `BookId`, `StudentID`, `IssuesDate`, `ReturnDate`, `RetrunStatus`, `fine`) VALUES
(1, 1, 'SID002', '2017-07-15 06:09:47', '2017-07-15 11:15:20', 1, 0),
(2, 1, 'SID002', '2017-07-15 06:12:27', '2017-07-15 11:15:23', 1, 5),
(3, 3, 'SID002', '2017-07-15 06:13:40', NULL, 0, NULL),
(4, 3, 'SID002', '2017-07-15 06:23:23', '2017-07-15 11:22:29', 1, 2),
(5, 1, 'SID009', '2017-07-15 10:59:26', NULL, 0, NULL),
(6, 3, 'SID011', '2017-07-15 18:02:55', NULL, 0, NULL),
(1, 1, 'SID002', '2017-07-15 06:09:47', '2017-07-15 11:15:20', 1, 0),
(2, 1, 'SID002', '2017-07-15 06:12:27', '2017-07-15 11:15:23', 1, 5),
(3, 3, 'SID002', '2017-07-15 06:13:40', NULL, 0, NULL),
(4, 3, 'SID002', '2017-07-15 06:23:23', '2017-07-15 11:22:29', 1, 2),
(5, 1, 'SID009', '2017-07-15 10:59:26', NULL, 0, NULL),
(6, 3, 'SID011', '2017-07-15 18:02:55', NULL, 0, NULL);

-- --------------------------------------------------------

--
-- Table structure for table `tblstudents`
--

CREATE TABLE IF NOT EXISTS `tblstudents` (
  `id` int(11) NOT NULL AUTO_INCREMENT,
  `StudentId` varchar(100) DEFAULT NULL,
  `FullName` varchar(120) DEFAULT NULL,
  `EmailId` varchar(120) DEFAULT NULL,
  `MobileNumber` char(11) DEFAULT NULL,
  `Password` varchar(120) DEFAULT NULL,
  `Status` int(1) DEFAULT NULL,
  `RegDate` timestamp NULL DEFAULT NULL,
  `UpdationDate` timestamp NULL DEFAULT NULL ON UPDATE CURRENT_TIMESTAMP,
  PRIMARY KEY (`id`),
  UNIQUE KEY `StudentId` (`StudentId`)
) ENGINE=InnoDB  DEFAULT CHARSET=latin1 AUTO_INCREMENT=11 ;

--
-- Dumping data for table `tblstudents`
--

INSERT INTO `tblstudents` (`id`, `StudentId`, `FullName`, `EmailId`, `MobileNumber`, `Password`, `Status`, `RegDate`, `UpdationDate`) VALUES
(1, 'SID002', 'Mohil Tanti', 'mohil@gmail.com', '9865472555', 'mohil', 1, '2018-04-10 22:09:42', '2018-04-10 22:09:42'),
(2, 'SID047', 'Foram Aghara', 'foram@gmail.com', '1234567891', 'foram', 1, '2018-03-19 17:41:25', '2018-03-19 17:41:25'),
(4, 'SID005', 'sdfsd', 'csfsd@dfsfks.com', '8569710025', '92228410fc8b872914e023160cf4ae8f', 0, '2017-07-11 15:41:27', '2017-07-15 17:43:03'),
(8, 'SID009', 'test', 'test@gmail.com', '2359874527', 'f925916e2754e5e03f75dd58a5733251', 1, '2017-07-11 15:58:28', '2017-07-15 13:42:44'),
(9, 'SID010', 'Amit', 'amit@gmail.com', '8585856224', 'f925916e2754e5e03f75dd58a5733251', 1, '2017-07-15 13:40:30', NULL),
(10, 'SID011', 'Sarita Pandey', 'sarita@gmail.com', '4672423754', 'f925916e2754e5e03f75dd58a5733251', 1, '2017-07-15 18:00:59', NULL);

/*!40101 SET CHARACTER_SET_CLIENT=@OLD_CHARACTER_SET_CLIENT */;
/*!40101 SET CHARACTER_SET_RESULTS=@OLD_CHARACTER_SET_RESULTS */;
/*!40101 SET COLLATION_CONNECTION=@OLD_COLLATION_CONNECTION */;
